execution,case_id,parent_case_id,operator_id,novel_coverage,added_to_corpus,result_class,signature
1,18e1be2d985316a623355afa5a9a8854d8b9361ec07eb878a51aeac302a0148a,,seed,6,true,COMPLETE,
2,f0e3f878325caebf0ca9d85e3a2e5f2fb48f47577df64a2eb7518ee63cb38fea,18e1be2d985316a623355afa5a9a8854d8b9361ec07eb878a51aeac302a0148a,sequence.swap-adjacent.v1,1,true,COMPLETE,
3,3f7102330ab8e25493449a38fe2fe00e02f39fed13103e3ea769c138fd3d25f5,18e1be2d985316a623355afa5a9a8854d8b9361ec07eb878a51aeac302a0148a,sequence.swap-adjacent.v1,2,true,COMPLETE,
4,b9fd550b3391c97af7a114fc47913cefaa03fbf483417622681356c97a6a79c9,3f7102330ab8e25493449a38fe2fe00e02f39fed13103e3ea769c138fd3d25f5,buffer.block.v1,0,false,COMPLETE,
5,b3ba11db0fe0450b7ede53b6b53694157e1c3457c684d0c1f1aadb950cb80fb8,18e1be2d985316a623355afa5a9a8854d8b9361ec07eb878a51aeac302a0148a,sequence.insert.v1,1,true,COMPLETE,
6,3ba5ba6f01f326480adcec2faf39be3c1d05735e8c5b771a2972287b3d32467a,b3ba11db0fe0450b7ede53b6b53694157e1c3457c684d0c1f1aadb950cb80fb8,buffer.block.v1,0,false,COMPLETE,
7,9957c8a1bd0518a6c97d726f0918be6da30feaa3ec8315b2ac7c0486f1a69e24,f0e3f878325caebf0ca9d85e3a2e5f2fb48f47577df64a2eb7518ee63cb38fea,scalar.boundary.v1,2,true,COMPLETE,
8,d632d0f5eec6b319706e16fd048658774bf426d713886597de4e5f5f249d229a,9957c8a1bd0518a6c97d726f0918be6da30feaa3ec8315b2ac7c0486f1a69e24,scalar.boundary.v1,2,true,COMPLETE,
9,4a2841b5741b99d4eba6c5544e92b247e82d0a619f6c7c38eba674f06c4859fb,d632d0f5eec6b319706e16fd048658774bf426d713886597de4e5f5f249d229a,sequence.insert.v1,1,true,COMPLETE,
10,fe07ef17c15219768ad55f255be1e322dd1140229f8c18cf87d746a58648b3d4,4a2841b5741b99d4eba6c5544e92b247e82d0a619f6c7c38eba674f06c4859fb,sequence.insert.v1,0,false,COMPLETE,
11,ec8cdceb0cff251862418e142e6f2e6f63a1d7266f6f98ea3d26d7f8cdd12301,18e1be2d985316a623355afa5a9a8854d8b9361ec07eb878a51aeac302a0148a,sequence.insert.v1,1,true,COMPLETE,
12,93e8ead135d6d03e8953bdd5fb3b783a4c5b2eff527913a473f732a418e1aa75,ec8cdceb0cff251862418e142e6f2e6f63a1d7266f6f98ea3d26d7f8cdd12301,sequence.insert.v1,1,true,COMPLETE,
13,f41f5bea5279efabc962fa6b6d1e9bd031ef9b2e84a201acae8eab684851edb0,93e8ead135d6d03e8953bdd5fb3b783a4c5b2eff527913a473f732a418e1aa75,sequence.delete.v1,0,false,COMPLETE,
14,7502271a7e34143bd7e82cb5bbe17638559f9be0f2941946fdb0d298cb5c7440,3f7102330ab8e25493449a38fe2fe00e02f39fed13103e3ea769c138fd3d25f5,sequence.swap-adjacent.v1,1,true,COMPLETE,
15,483400df2130cd9898245b22696734acb107e62b78bfad2e042cff7b56c358d1,7502271a7e34143bd7e82cb5bbe17638559f9be0f2941946fdb0d298cb5c7440,buffer.block.v1,0,false,COMPLETE,
16,0824cfead6cc3ba59cebb86d701aa1a80b48b25d682df7458fb17aa736edd2c2,9957c8a1bd0518a6c97d726f0918be6da30feaa3ec8315b2ac7c0486f1a69e24,sequence.swap-adjacent.v1,1,true,COMPLETE,
17,ce67c87fea89955a4376b7f078986aba5b16055e840919a795bd1333e9832743,0824cfead6cc3ba59cebb86d701aa1a80b48b25d682df7458fb17aa736edd2c2,sequence.swap-adjacent.v1,0,false,COMPLETE,
18,5570ae073f1310c753e99392a972be522daf6cef4f964c97474253887be901e8,d632d0f5eec6b319706e16fd048658774bf426d713886597de4e5f5f249d229a,sequence.swap-adjacent.v1,1,true,COMPLETE,
19,033458aa2d8caa1e72deb2895fc2ee8abad43ef6017b71900317991b8a27504f,5570ae073f1310c753e99392a972be522daf6cef4f964c97474253887be901e8,sequence.swap-adjacent.v1,0,false,COMPLETE,
20,4494837fc8ccd2d06291720ab5dcc711dad7e520bb2bb7fcd0af80976f40a192,18e1be2d985316a623355afa5a9a8854d8b9361ec07eb878a51aeac302a0148a,buffer.block.v1,0,false,COMPLETE,
21,631411b0f8aa944c8f66c49e7d498622ecea5b0c6ea90e2c38ee2399d0338ab2,18e1be2d985316a623355afa5a9a8854d8b9361ec07eb878a51aeac302a0148a,scalar.boundary.v1,0,false,COMPLETE,
22,2aaddc2dcf32668b485ffd8bdf41e61b8e5d7f1b4f009a1b52f276d3e2b27427,3f7102330ab8e25493449a38fe2fe00e02f39fed13103e3ea769c138fd3d25f5,scalar.boundary.v1,0,false,COMPLETE,
23,1c3fc9bd6bde3231eddd00c9698db4f34e583bea0bbac22b972447e2dbb9f7c1,9957c8a1bd0518a6c97d726f0918be6da30feaa3ec8315b2ac7c0486f1a69e24,sequence.swap-adjacent.v1,0,false,COMPLETE,
24,02dfca27e1401fa7cff7dc42b1591f8ba49499883685161b9daf257f992f1d47,d632d0f5eec6b319706e16fd048658774bf426d713886597de4e5f5f249d229a,buffer.block.v1,0,false,COMPLETE,
25,84c7e30ea974d4372073d4c95868c8c18500065a962614837ee734cb9a8ee9dd,b3ba11db0fe0450b7ede53b6b53694157e1c3457c684d0c1f1aadb950cb80fb8,buffer.block.v1,0,false,COMPLETE,
26,8c81c7441e42ad82653bc6640188272fb7b4bce315cc6cced02444328fbce242,f0e3f878325caebf0ca9d85e3a2e5f2fb48f47577df64a2eb7518ee63cb38fea,sequence.insert.v1,0,false,COMPLETE,
27,23081e0e49c8ca1507e1e5a56ed282e5d0f17ab88a227c60ba3093bc96cdd3d8,4a2841b5741b99d4eba6c5544e92b247e82d0a619f6c7c38eba674f06c4859fb,sequence.delete.v1,2,true,COMPLETE,
28,c6d4cbc6e1efbd7cdb17b6776737d47154a75548a4db91ea9ece606ca1b2fbd8,23081e0e49c8ca1507e1e5a56ed282e5d0f17ab88a227c60ba3093bc96cdd3d8,sequence.swap-adjacent.v1,0,false,COMPLETE,
29,bb17b9f7c1c458e1b99d5a8d4937892654b8deecff47ec796125af9cc81f45ac,23081e0e49c8ca1507e1e5a56ed282e5d0f17ab88a227c60ba3093bc96cdd3d8,sequence.insert.v1,0,false,COMPLETE,
30,625d59e939a6f5e1b21a1bfbd1985d70c86d62bb6fcc7267361e10169fff76cd,23081e0e49c8ca1507e1e5a56ed282e5d0f17ab88a227c60ba3093bc96cdd3d8,sequence.insert.v1,0,false,COMPLETE,
31,8822e21618cfb3667bc81f5cce9ef18369c9b1e282d989d189a475624eeb3858,ec8cdceb0cff251862418e142e6f2e6f63a1d7266f6f98ea3d26d7f8cdd12301,sequence.delete.v1,0,false,COMPLETE,
32,2d873dccbf3869c30e15e4350d37d8a9da307d0bb011c3fe99c4d6d976e2eba4,93e8ead135d6d03e8953bdd5fb3b783a4c5b2eff527913a473f732a418e1aa75,buffer.block.v1,0,false,COMPLETE,
33,9c4c4a4a9d55f0faa36655e37670c53beab6409257838402db4768168b4c5072,7502271a7e34143bd7e82cb5bbe17638559f9be0f2941946fdb0d298cb5c7440,scalar.boundary.v1,0,false,COMPLETE,
34,620fb1971d6750368f4be53d414dfa73c11e0073e8c8fb6102640c5034c6f87d,0824cfead6cc3ba59cebb86d701aa1a80b48b25d682df7458fb17aa736edd2c2,sequence.insert.v1,1,true,COMPLETE,
35,bb9eca26e67aa6ed169b7e02cdf783935e7fda9d6c34933dd94f0720eb13867e,620fb1971d6750368f4be53d414dfa73c11e0073e8c8fb6102640c5034c6f87d,scalar.boundary.v1,0,false,COMPLETE,
36,6727ffe56f68f83728cf2dd777a6888c6d33dad006d41c386d2e4367f7831f74,5570ae073f1310c753e99392a972be522daf6cef4f964c97474253887be901e8,sequence.delete.v1,0,false,COMPLETE,
37,f551dc0d70583cc3f562de421bbeb44e52159a7fa5cffcd7a257ed753d48cb49,620fb1971d6750368f4be53d414dfa73c11e0073e8c8fb6102640c5034c6f87d,sequence.insert.v1,1,true,COMPLETE,
38,03e1c61774720cb7f8a7a7a5fbef37a7b7d2481abaa68f10d6d5ff69221a46e9,f551dc0d70583cc3f562de421bbeb44e52159a7fa5cffcd7a257ed753d48cb49,buffer.block.v1,0,false,COMPLETE,
39,d741b618c84dfbc1708e92ae797ac726ad2537bb6cba0f7766f8ceccca6d47bb,f551dc0d70583cc3f562de421bbeb44e52159a7fa5cffcd7a257ed753d48cb49,sequence.swap-adjacent.v1,0,false,COMPLETE,
40,f40423dbb3d415a36a5cdbbc4c1ca94daa793820dcb303084cd7bd57560eaa5c,18e1be2d985316a623355afa5a9a8854d8b9361ec07eb878a51aeac302a0148a,sequence.delete.v1,0,false,COMPLETE,
41,e4da52af650325d57564a2b9229b05b0bbc8d3d73279ae0933599622478cb34b,3f7102330ab8e25493449a38fe2fe00e02f39fed13103e3ea769c138fd3d25f5,buffer.block.v1,0,false,COMPLETE,
42,60fe072b2f54c0650c9af2525e3f02c58ce82df9c8a94478c7a05c0306c1a7c7,9957c8a1bd0518a6c97d726f0918be6da30feaa3ec8315b2ac7c0486f1a69e24,sequence.insert.v1,0,false,COMPLETE,
43,e384bf9fec8dd6baf6784a7da600d749269f48df4e91ff024323296eb41415b7,d632d0f5eec6b319706e16fd048658774bf426d713886597de4e5f5f249d229a,sequence.insert.v1,0,false,COMPLETE,
44,653a8042137681ee0a266b30cc5d9a506054b3c94004a9ed0a2b1dd7e6e1c49d,23081e0e49c8ca1507e1e5a56ed282e5d0f17ab88a227c60ba3093bc96cdd3d8,sequence.insert.v1,0,false,COMPLETE,
45,b6f1d3174c1eb3711f25b1599633424498422a35f3ce87c8d109616533d37790,18e1be2d985316a623355afa5a9a8854d8b9361ec07eb878a51aeac302a0148a,buffer.block.v1,0,false,COMPLETE,
46,bfec8e9257c11811f5d077a4e11252c6868da77db8b3e5a2c2aab8efdb7930bb,18e1be2d985316a623355afa5a9a8854d8b9361ec07eb878a51aeac302a0148a,scalar.boundary.v1,0,false,COMPLETE,
47,bf5b9da1e73a73b81bd71639b9d8554364813386231f6d1a9b3844ed46835e0f,b3ba11db0fe0450b7ede53b6b53694157e1c3457c684d0c1f1aadb950cb80fb8,scalar.boundary.v1,0,false,COMPLETE,
48,082f2db78d1578fdc0da98be0dcc2bdc70ba0d3650d663ec85c641a77950f412,f0e3f878325caebf0ca9d85e3a2e5f2fb48f47577df64a2eb7518ee63cb38fea,sequence.delete.v1,0,false,COMPLETE,
49,ebb27759a10f78b6d8dc0acebc5ccf38cfa74f64627e931cfc30d3aca1a60924,4a2841b5741b99d4eba6c5544e92b247e82d0a619f6c7c38eba674f06c4859fb,sequence.delete.v1,0,false,COMPLETE,
50,17211ffd32809ac953228b7b03608905a7563a7215eda093a8e9eda3f076fb49,ec8cdceb0cff251862418e142e6f2e6f63a1d7266f6f98ea3d26d7f8cdd12301,buffer.block.v1,0,false,COMPLETE,
51,01e738c7de5b55d36569a6dd61d53c663bfb8bd3d767ef808018f5a1cc107380,93e8ead135d6d03e8953bdd5fb3b783a4c5b2eff527913a473f732a418e1aa75,sequence.delete.v1,0,false,COMPLETE,
52,f34e67afcca640ff9512eedfdc3e24e824c0dddd4f7241f997c7544402d43ff9,7502271a7e34143bd7e82cb5bbe17638559f9be0f2941946fdb0d298cb5c7440,scalar.boundary.v1,0,false,COMPLETE,
53,77fe48c4d736643383ab081160d72127dc92d9473314b31a292d0be4b0253319,0824cfead6cc3ba59cebb86d701aa1a80b48b25d682df7458fb17aa736edd2c2,sequence.delete.v1,0,false,COMPLETE,
54,de5e79b21701499de7df8293527a580ba29c2fceff87cb7c4ec9fd0246c8a7e9,5570ae073f1310c753e99392a972be522daf6cef4f964c97474253887be901e8,sequence.delete.v1,0,false,COMPLETE,
55,fe42a2495c642f1f03a62d27c48d2c308f00b5ccb74c185ce7ebdb01095dd854,620fb1971d6750368f4be53d414dfa73c11e0073e8c8fb6102640c5034c6f87d,scalar.boundary.v1,0,false,COMPLETE,
56,17ef5e30a0c594e1b2b30d7b228660bdad83d8fd8eba800b7a82a9fa10ef04d9,f551dc0d70583cc3f562de421bbeb44e52159a7fa5cffcd7a257ed753d48cb49,sequence.delete.v1,0,false,COMPLETE,
57,c824e20f43b70a8c16b8a8ab33d91d14ceb93ccc72f5533f2c6da7711ebb3d5c,3f7102330ab8e25493449a38fe2fe00e02f39fed13103e3ea769c138fd3d25f5,sequence.insert.v1,0,false,COMPLETE,
58,24355f384c988ca45defc62183aef96e1fe271cb094ee5764d07d7a1f145c57c,9957c8a1bd0518a6c97d726f0918be6da30feaa3ec8315b2ac7c0486f1a69e24,sequence.insert.v1,0,false,COMPLETE,
59,326ae8c8c736e579b501ea356645a185c6db15299d0dc08d58f184d42e50ebe4,d632d0f5eec6b319706e16fd048658774bf426d713886597de4e5f5f249d229a,buffer.block.v1,0,false,COMPLETE,
60,176e205449b9ddbb6bb373081b440213483b05906197fda85c282ed644b0ec1e,23081e0e49c8ca1507e1e5a56ed282e5d0f17ab88a227c60ba3093bc96cdd3d8,sequence.swap-adjacent.v1,0,false,COMPLETE,
61,7c185e6991b41bb2225f1cab3f7332cf66fa840f100a04ad7d006dc96caefe6b,18e1be2d985316a623355afa5a9a8854d8b9361ec07eb878a51aeac302a0148a,sequence.delete.v1,0,false,COMPLETE,
62,40741c30e0501b2da6e7517f4f2ee93e44936c4ca3aa03d914e91e700935933a,18e1be2d985316a623355afa5a9a8854d8b9361ec07eb878a51aeac302a0148a,sequence.insert.v1,0,false,COMPLETE,
63,84997d289f3b430abf1efc34ff2ee0e5c4084fd21e9242eb1d21211b5e026e03,3f7102330ab8e25493449a38fe2fe00e02f39fed13103e3ea769c138fd3d25f5,sequence.insert.v1,0,false,COMPLETE,
64,fa8b13b2401bcd7d17085ec8d916e32abe3a19bef0e5accd5c081a39fba3a64b,9957c8a1bd0518a6c97d726f0918be6da30feaa3ec8315b2ac7c0486f1a69e24,sequence.delete.v1,0,false,COMPLETE,
65,159f709b2d6ea56eb62c1ddc8510a21a9b5617dba7f9c899b2b69a97c0dfde46,d632d0f5eec6b319706e16fd048658774bf426d713886597de4e5f5f249d229a,buffer.block.v1,0,false,COMPLETE,
66,66b7c820efecf65a1ed8d40df0e4ccc4ea25c9ff9176654b198fa4aacdce8f12,23081e0e49c8ca1507e1e5a56ed282e5d0f17ab88a227c60ba3093bc96cdd3d8,buffer.block.v1,0,false,COMPLETE,
67,195e1a89755a2b91e0f0cce7dcfed215a0449890e0743d39ab4dcdb013fef17f,b3ba11db0fe0450b7ede53b6b53694157e1c3457c684d0c1f1aadb950cb80fb8,sequence.swap-adjacent.v1,0,false,COMPLETE,
68,cd8652c594fb3f431dc0e194f6e9ffa5f69c93354d6d1a99b4ef0c9edadd729f,f0e3f878325caebf0ca9d85e3a2e5f2fb48f47577df64a2eb7518ee63cb38fea,sequence.swap-adjacent.v1,0,false,COMPLETE,
69,c23b4078359d017156f736f8e522a2e7f611b7c2d863bcb89be372fd8c254154,4a2841b5741b99d4eba6c5544e92b247e82d0a619f6c7c38eba674f06c4859fb,sequence.delete.v1,0,false,COMPLETE,
70,38f72419344b67559aaaf5b7d274e26bbb808a7d36032e33390d136c049328a5,ec8cdceb0cff251862418e142e6f2e6f63a1d7266f6f98ea3d26d7f8cdd12301,sequence.delete.v1,0,false,COMPLETE,
71,0e0b383eb5af6fd3a1662a73cac9f4adb9fdbbaa35bd8f21bc89fb571a7f520c,93e8ead135d6d03e8953bdd5fb3b783a4c5b2eff527913a473f732a418e1aa75,sequence.insert.v1,0,false,COMPLETE,
72,652aa9dd056f65a5f4ca167d3fc6f4648103f74647376767173077116dbe36de,7502271a7e34143bd7e82cb5bbe17638559f9be0f2941946fdb0d298cb5c7440,scalar.boundary.v1,0,false,COMPLETE,
73,126de5b035d98cebbb4eebe42c43e2c47d95cf7975065b1522b6322d3c3e1bce,0824cfead6cc3ba59cebb86d701aa1a80b48b25d682df7458fb17aa736edd2c2,buffer.block.v1,0,false,COMPLETE,
74,c883839d8c3cb8aaf20ae5e263c5053a016769f7289f9795a081bc00c4789f65,5570ae073f1310c753e99392a972be522daf6cef4f964c97474253887be901e8,scalar.boundary.v1,0,false,COMPLETE,
75,70a1eb0792fac507c0b6600a23d5d774501d4720e827b3a1be543612c44b082a,620fb1971d6750368f4be53d414dfa73c11e0073e8c8fb6102640c5034c6f87d,buffer.block.v1,0,false,COMPLETE,
76,c3da609fca2be3da29b9d936649fbf4b8375c25c193c9aae417009936c0d7ccc,f551dc0d70583cc3f562de421bbeb44e52159a7fa5cffcd7a257ed753d48cb49,sequence.delete.v1,0,false,COMPLETE,
77,157858c1edc4590d59886996988e7c8bc6a1c6c55d2a47a31896d965780d5ccf,18e1be2d985316a623355afa5a9a8854d8b9361ec07eb878a51aeac302a0148a,sequence.insert.v1,1,true,COMPLETE,
78,f3be23002c8c1c594f083ea988a435a45d4df1e67365ece106aec4f6e9f516d0,157858c1edc4590d59886996988e7c8bc6a1c6c55d2a47a31896d965780d5ccf,sequence.delete.v1,0,false,COMPLETE,
79,c826f9d9553e7b0fb2ea5295d47225a746ff3b32887abf759ff5bccf61df2fd9,157858c1edc4590d59886996988e7c8bc6a1c6c55d2a47a31896d965780d5ccf,scalar.boundary.v1,0,false,COMPLETE,
80,2752e989e38ed4084410d26e42736570b9da9ec05892887a2511fb31b62f45ec,157858c1edc4590d59886996988e7c8bc6a1c6c55d2a47a31896d965780d5ccf,sequence.delete.v1,0,false,COMPLETE,
81,865fa1678cdf9680c1d69122700c7706174c9fc5b8db1fc2a25801f4a71edf08,157858c1edc4590d59886996988e7c8bc6a1c6c55d2a47a31896d965780d5ccf,sequence.delete.v1,0,false,COMPLETE,
82,bfe4ad2b8354d5637b17a01f5d6b28be347d69ba3caa412b88b9e52be45d30b6,3f7102330ab8e25493449a38fe2fe00e02f39fed13103e3ea769c138fd3d25f5,buffer.block.v1,0,false,COMPLETE,
83,5fcdb278c71651470e2817f56793e81c46d1e90e6630619290b36e1a3ceb5906,d632d0f5eec6b319706e16fd048658774bf426d713886597de4e5f5f249d229a,sequence.insert.v1,0,false,COMPLETE,
84,8420b4dda8b6c8bf1a54c9b7ed9ce9a032acc7ce98e79b6414e9f2126b1ed66e,23081e0e49c8ca1507e1e5a56ed282e5d0f17ab88a227c60ba3093bc96cdd3d8,scalar.boundary.v1,0,false,COMPLETE,
85,b8b92ff737c3235a17694f5e3b480f7e8fac33d5dd911f482c39dab6806a8955,18e1be2d985316a623355afa5a9a8854d8b9361ec07eb878a51aeac302a0148a,scalar.boundary.v1,0,false,COMPLETE,
86,9298477b1f9d8d26673f7d1781c89f81dded6b59369b3e5c2ea65d453c394149,18e1be2d985316a623355afa5a9a8854d8b9361ec07eb878a51aeac302a0148a,scalar.boundary.v1,3,true,COMPLETE,
87,62d059453e12006934d768e0e515c7d0675bcb3ab09320d00fb0db552b30d66e,9298477b1f9d8d26673f7d1781c89f81dded6b59369b3e5c2ea65d453c394149,sequence.insert.v1,0,false,COMPLETE,
88,4ab89f414f7d78fbd17236fbc91a7db5df334132d93e34d25a6fe117ea034a67,9298477b1f9d8d26673f7d1781c89f81dded6b59369b3e5c2ea65d453c394149,sequence.delete.v1,0,false,COMPLETE,
89,ea2dee32161b844a5e38859b1b4c6ec9bc95046855e668c1b062719fd62105d2,9298477b1f9d8d26673f7d1781c89f81dded6b59369b3e5c2ea65d453c394149,buffer.block.v1,0,false,COMPLETE,
90,5e8fb3938cb10aaf7b74893adacbc86efdf7ed0434d3bb93dd008015ff8d68e3,9298477b1f9d8d26673f7d1781c89f81dded6b59369b3e5c2ea65d453c394149,sequence.delete.v1,0,false,COMPLETE,
91,0eda245395a4242422e7d9c1c26ac3bf53129602276208230fc7a4d647edc29c,9298477b1f9d8d26673f7d1781c89f81dded6b59369b3e5c2ea65d453c394149,sequence.insert.v1,0,false,COMPLETE,
92,e9df8f996bf531bb894e9a9edaac5bcc024c9921b607fc3a88f28fd4c704a1b8,9298477b1f9d8d26673f7d1781c89f81dded6b59369b3e5c2ea65d453c394149,sequence.insert.v1,0,false,COMPLETE,
93,faf45ef4046eb557f21ab9ff7f02d0673f680ab4c695297131cd20b4e5b700d8,9298477b1f9d8d26673f7d1781c89f81dded6b59369b3e5c2ea65d453c394149,scalar.boundary.v1,0,false,COMPLETE,
94,7220f071cfa759c1e22ec25429044264ba0b9012a1aa056c4e38a1dc2dae57e7,9298477b1f9d8d26673f7d1781c89f81dded6b59369b3e5c2ea65d453c394149,buffer.block.v1,0,false,COMPLETE,
95,64d52cad42a2686a24d034e0eb85dc11628c115cb13866f9aae3863829baa4f1,9298477b1f9d8d26673f7d1781c89f81dded6b59369b3e5c2ea65d453c394149,scalar.boundary.v1,3,true,COMPLETE,
96,b9bc20cc7fb458e1362a5a305bb66e44fa9350027d8f951f6e7749dec4be989f,64d52cad42a2686a24d034e0eb85dc11628c115cb13866f9aae3863829baa4f1,sequence.delete.v1,0,false,COMPLETE,
97,5e6141dd1198dc25dfec3a3136ad047447226bc1353764dc1539aa010e62e444,64d52cad42a2686a24d034e0eb85dc11628c115cb13866f9aae3863829baa4f1,buffer.block.v1,0,false,COMPLETE,
98,47c4b2ec7afe99b6ec683f63a3748f377e44f3e9b0e8416c5b886725f919db04,64d52cad42a2686a24d034e0eb85dc11628c115cb13866f9aae3863829baa4f1,sequence.delete.v1,0,false,COMPLETE,
99,cdb388aec3d4c071a8ba8475d9670d66d8d48929835efed7399173d05f37bb59,64d52cad42a2686a24d034e0eb85dc11628c115cb13866f9aae3863829baa4f1,sequence.insert.v1,1,true,COMPLETE,
100,dd268575320908a1927ca97f5b1e2f080f86db53a76d588ca202a6101eaeb142,cdb388aec3d4c071a8ba8475d9670d66d8d48929835efed7399173d05f37bb59,buffer.block.v1,0,false,COMPLETE,
101,48af40a34770c64a85473ae75d593ad5c5a09ff44a41597461a82a661ee10541,cdb388aec3d4c071a8ba8475d9670d66d8d48929835efed7399173d05f37bb59,scalar.boundary.v1,3,true,COMPLETE,
102,c8e92136f880c26bd22c6a4c2db90b514f1cb5611455c22baf95508564b8d09b,48af40a34770c64a85473ae75d593ad5c5a09ff44a41597461a82a661ee10541,sequence.delete.v1,0,false,COMPLETE,
103,8eaa18395de7b0ee5dcaa43d8ca4470ee519552e48e009512c7c188951e57017,48af40a34770c64a85473ae75d593ad5c5a09ff44a41597461a82a661ee10541,sequence.insert.v1,0,false,COMPLETE,
104,c790988c905ea096927abf5d2f168c6466c3c41548e707c0b796496bd4a817ae,48af40a34770c64a85473ae75d593ad5c5a09ff44a41597461a82a661ee10541,buffer.block.v1,0,false,COMPLETE,
105,40e93fb7fb0689cdf3f01c18c5150acafc12f6d28155000c5d63aa9fe227307d,48af40a34770c64a85473ae75d593ad5c5a09ff44a41597461a82a661ee10541,sequence.delete.v1,1,true,COMPLETE,
106,83467f8b172060c71ff6eed7fbf45d41335556fc9c19b702347383f217906812,40e93fb7fb0689cdf3f01c18c5150acafc12f6d28155000c5d63aa9fe227307d,scalar.boundary.v1,0,false,COMPLETE,
107,fbb8a298a11bf08afa0439ba1ee68cfb3a2df4c21e3337503f5f3f2a96182273,40e93fb7fb0689cdf3f01c18c5150acafc12f6d28155000c5d63aa9fe227307d,scalar.boundary.v1,0,false,COMPLETE,
108,c6e916c2692e83b2b26a6b2e1439c999db12a6c2e0e47c92f9908ac6ad7509c9,64d52cad42a2686a24d034e0eb85dc11628c115cb13866f9aae3863829baa4f1,buffer.block.v1,0,false,COMPLETE,
109,7fccae5d3fd32c9dd8d88761902d1c425545f61ebb06e22ea25d3c914a5b198d,48af40a34770c64a85473ae75d593ad5c5a09ff44a41597461a82a661ee10541,sequence.insert.v1,0,false,COMPLETE,
110,81c9a7f6920e435c9278f34f0688ef89b64baf336ffd8bd8c62d82aca51014ac,64d52cad42a2686a24d034e0eb85dc11628c115cb13866f9aae3863829baa4f1,sequence.insert.v1,0,false,COMPLETE,
111,7f3c61e504368dce35cc9c07c3b2be8489443e4c07b74ee8d521529fbda5d81e,48af40a34770c64a85473ae75d593ad5c5a09ff44a41597461a82a661ee10541,buffer.block.v1,0,false,COMPLETE,
112,dccf38a7cdbe895324b931e4fc6a139e18fdc6fd3ebeac984406546afa92ceb6,cdb388aec3d4c071a8ba8475d9670d66d8d48929835efed7399173d05f37bb59,buffer.block.v1,0,false,COMPLETE,
113,1b22c07b45f9950c64ae9f2c1b4b24e4d04d0cbaa639a79d038c6f82c2f34fb6,40e93fb7fb0689cdf3f01c18c5150acafc12f6d28155000c5d63aa9fe227307d,scalar.boundary.v1,3,true,COMPLETE,
114,bac1ddd44f4e95f06d68f032e5d6a4ac65a53ff008c35f6e96c6284e4f2d0a27,1b22c07b45f9950c64ae9f2c1b4b24e4d04d0cbaa639a79d038c6f82c2f34fb6,sequence.delete.v1,0,false,COMPLETE,
115,0de148280bb912bc209e69d63bf19f46034ff394744dc93c6ab728fd8232f052,1b22c07b45f9950c64ae9f2c1b4b24e4d04d0cbaa639a79d038c6f82c2f34fb6,buffer.block.v1,0,false,COMPLETE,
116,cbf927619a95848d66cb18e97b165056bd0e63c3806f243d2503f8085e91780d,1b22c07b45f9950c64ae9f2c1b4b24e4d04d0cbaa639a79d038c6f82c2f34fb6,sequence.insert.v1,1,true,COMPLETE,
117,da4d1b4e60222e3233d122e8dd1881ec37db6afdfc1b4f20c37e2aa3b8149895,cbf927619a95848d66cb18e97b165056bd0e63c3806f243d2503f8085e91780d,sequence.swap-adjacent.v1,0,false,COMPLETE,
118,054a54fa1c19738661a72ce4eb50fa8572ec0c7d55b686243bc25f5ac1eae62b,1b22c07b45f9950c64ae9f2c1b4b24e4d04d0cbaa639a79d038c6f82c2f34fb6,sequence.swap-adjacent.v1,0,false,COMPLETE,
119,90a20e5bca4a6abc773946941df51b4686e42c7c1a37197b21c9dbc0c3f56dce,cbf927619a95848d66cb18e97b165056bd0e63c3806f243d2503f8085e91780d,sequence.delete.v1,0,false,COMPLETE,
120,2369d5beecac7b77bfbda9ae07bc10043d6ea5b6c6c3493371a1192d0a27d0b4,1b22c07b45f9950c64ae9f2c1b4b24e4d04d0cbaa639a79d038c6f82c2f34fb6,buffer.block.v1,0,false,COMPLETE,
121,f44b1a280b27cfafc9c57d97cf3c7767e4bb191bf1864e3176ffa1792172c80b,1b22c07b45f9950c64ae9f2c1b4b24e4d04d0cbaa639a79d038c6f82c2f34fb6,buffer.block.v1,0,false,COMPLETE,
122,4000359d1d5e80a29c997d19267b7da636c604625d562f03160f35f7d0902bcc,64d52cad42a2686a24d034e0eb85dc11628c115cb13866f9aae3863829baa4f1,sequence.swap-adjacent.v1,0,false,COMPLETE,
123,8252ec024381843d723684957e0f97da27db2ca8ce96b22b644111a94888b675,48af40a34770c64a85473ae75d593ad5c5a09ff44a41597461a82a661ee10541,scalar.boundary.v1,1,true,COMPLETE,
124,25079ea9e75604e2d9f50be01027f4fbb34dae8545267acf2f1cef0bd0fbe04a,8252ec024381843d723684957e0f97da27db2ca8ce96b22b644111a94888b675,buffer.block.v1,0,false,COMPLETE,
125,06f6b24b266a791264649dd608c5b60e7d244bf1107bc03180acfdee1bfb2fbb,8252ec024381843d723684957e0f97da27db2ca8ce96b22b644111a94888b675,buffer.block.v1,0,false,COMPLETE,
126,d96a5901416fcfc664382498d210279ffc87e17d5a582d64df8b0d0e2d2d8e38,cbf927619a95848d66cb18e97b165056bd0e63c3806f243d2503f8085e91780d,sequence.insert.v1,0,false,COMPLETE,
127,9f0e3efdeaacf4d045e49f667b786de3f8edd52d7d0827c9859a8161e7db0573,1b22c07b45f9950c64ae9f2c1b4b24e4d04d0cbaa639a79d038c6f82c2f34fb6,sequence.swap-adjacent.v1,0,false,COMPLETE,
128,2ee138b691c2027ea1e7f69cb383ee4bd687368ac46bae6f707cbd17885a7d15,8252ec024381843d723684957e0f97da27db2ca8ce96b22b644111a94888b675,sequence.swap-adjacent.v1,0,false,COMPLETE,
129,f6a9779dacdeaa167616e6f545a5a4577f37c5d05705677fe786e2d201a93f04,48af40a34770c64a85473ae75d593ad5c5a09ff44a41597461a82a661ee10541,sequence.delete.v1,0,false,COMPLETE,
130,8650e3e09ff41d8b55ed1f4bb58ee4df8c1dda5b8ae52ee4b5cac8af8f29e851,1b22c07b45f9950c64ae9f2c1b4b24e4d04d0cbaa639a79d038c6f82c2f34fb6,scalar.boundary.v1,0,false,COMPLETE,
131,4b377ee1e2dfaaa46feeb017090c413160bcc178974388982936d1adfa1ea9c9,64d52cad42a2686a24d034e0eb85dc11628c115cb13866f9aae3863829baa4f1,sequence.swap-adjacent.v1,0,false,COMPLETE,
132,111bcffb56e667fd4158ebd7129b56ef4cb06714667ffe347b21a2165e66a2c4,48af40a34770c64a85473ae75d593ad5c5a09ff44a41597461a82a661ee10541,sequence.swap-adjacent.v1,0,false,COMPLETE,
133,9f20744c1f5515fee6df02a1faa16f89c29a4f08572146fc74e2a671b682e837,1b22c07b45f9950c64ae9f2c1b4b24e4d04d0cbaa639a79d038c6f82c2f34fb6,sequence.insert.v1,0,false,COMPLETE,
134,155ba5f9a3d7a08c542d812c668ef267a9eda7ffcbd4a83fe1fef350c361f676,cdb388aec3d4c071a8ba8475d9670d66d8d48929835efed7399173d05f37bb59,sequence.insert.v1,0,false,COMPLETE,
135,afe556ff70ec465842b50259819496db1d7905c800349970f3fbc93ec48b55d1,40e93fb7fb0689cdf3f01c18c5150acafc12f6d28155000c5d63aa9fe227307d,sequence.insert.v1,1,true,COMPLETE,
136,36219c083d736e82caf71413fc5fc3d735f64e534e1b0d41ef5a526ec80cb33f,afe556ff70ec465842b50259819496db1d7905c800349970f3fbc93ec48b55d1,buffer.block.v1,0,false,COMPLETE,
137,6323239d1cbdccdbc7d745cecc8258ed85f4253470ea577b48a5ef9bf274658e,afe556ff70ec465842b50259819496db1d7905c800349970f3fbc93ec48b55d1,scalar.boundary.v1,0,false,COMPLETE,
138,64b5df0c4d760febb443d544e320dff02d83949c0276c28964358c2a9f6819b6,afe556ff70ec465842b50259819496db1d7905c800349970f3fbc93ec48b55d1,scalar.boundary.v1,0,false,COMPLETE,
139,25853942d5d35b90ccab454e14c8b03914dca561819594e35efce9a38d92a606,cbf927619a95848d66cb18e97b165056bd0e63c3806f243d2503f8085e91780d,buffer.block.v1,0,false,COMPLETE,
140,fa5a4898d856fa7a597a04b16d970241f1c43fb00e09d199888bea62c4a9d0cb,8252ec024381843d723684957e0f97da27db2ca8ce96b22b644111a94888b675,sequence.insert.v1,1,true,COMPLETE,
141,3f9462b14b18a6cd095a76e21a0160f8d995b39adcecbdd7eb0ca0b9412a83e8,fa5a4898d856fa7a597a04b16d970241f1c43fb00e09d199888bea62c4a9d0cb,buffer.block.v1,0,false,COMPLETE,
142,56e05792d8ba8cd3c813fd9c5cf0c78a84a5276863d0e270bad8b19ed41bc5f0,fa5a4898d856fa7a597a04b16d970241f1c43fb00e09d199888bea62c4a9d0cb,sequence.insert.v1,1,true,COMPLETE,
143,97e22b6454f446f2759326f15da0fd62dc30b32ba5a761e40ab7666d34bc3ef1,56e05792d8ba8cd3c813fd9c5cf0c78a84a5276863d0e270bad8b19ed41bc5f0,sequence.delete.v1,0,false,COMPLETE,
144,892dfff4525f99d98f7c8aa6b8b09bcf61cdb43770993156737cf2f302b5e82f,56e05792d8ba8cd3c813fd9c5cf0c78a84a5276863d0e270bad8b19ed41bc5f0,sequence.insert.v1,0,false,COMPLETE,
145,78b3ff2223c3b06a254a60096eacf95d0627ba957bfbc30ebb0287ae604ec1d2,fa5a4898d856fa7a597a04b16d970241f1c43fb00e09d199888bea62c4a9d0cb,sequence.swap-adjacent.v1,0,false,COMPLETE,
146,8d05110f5ef0f8ef6e1692f1ae353de03eaaaa49c18853487e8bef369b383255,56e05792d8ba8cd3c813fd9c5cf0c78a84a5276863d0e270bad8b19ed41bc5f0,sequence.delete.v1,0,false,COMPLETE,
147,d3e4f10d715c8d1bc85dbceb72e9f383b2fd5fff5dc5af38cfa32f046dddb24b,afe556ff70ec465842b50259819496db1d7905c800349970f3fbc93ec48b55d1,sequence.swap-adjacent.v1,0,false,COMPLETE,
148,726dda70b92e7776fed384d68f68e42db6568a83e47328135b93d2191ec5f4c4,fa5a4898d856fa7a597a04b16d970241f1c43fb00e09d199888bea62c4a9d0cb,scalar.boundary.v1,0,false,COMPLETE,
149,2650c3d6e2059ed426d7ea78e13e6a6ed6a9b7a732561fa97fd9d10a01d32ec9,56e05792d8ba8cd3c813fd9c5cf0c78a84a5276863d0e270bad8b19ed41bc5f0,sequence.swap-adjacent.v1,0,false,COMPLETE,
150,cc2ad5f1dc10d9a3f5acbdedef3ab67b40f0284f38626f796ff22dc2e5cd2eaf,64d52cad42a2686a24d034e0eb85dc11628c115cb13866f9aae3863829baa4f1,sequence.insert.v1,0,false,COMPLETE,
151,12ec31a5edfa8dc5cdab4f42e6eb5607ba233412f7b2244b4a625177bb9ab695,48af40a34770c64a85473ae75d593ad5c5a09ff44a41597461a82a661ee10541,sequence.insert.v1,0,false,COMPLETE,
152,a3b18a9ddd813a0145bdc49258120d8a027cd126db0c40651caf52f5e7b970be,1b22c07b45f9950c64ae9f2c1b4b24e4d04d0cbaa639a79d038c6f82c2f34fb6,sequence.insert.v1,1,true,COMPLETE,
153,4dc460798a88719983bd7f50c3f0323212bb35dc1730665733edd50370c79e76,a3b18a9ddd813a0145bdc49258120d8a027cd126db0c40651caf52f5e7b970be,scalar.boundary.v1,0,false,COMPLETE,
154,7515e6789e5a6dc89bf671dbc46064444da191ef48b8d8689e8e4ce60a7f4553,a3b18a9ddd813a0145bdc49258120d8a027cd126db0c40651caf52f5e7b970be,sequence.delete.v1,0,false,COMPLETE,
155,b2b2d87727fe2910b2cb37c0e2a86e276560cf7126a658d3dfb8f1c595743738,a3b18a9ddd813a0145bdc49258120d8a027cd126db0c40651caf52f5e7b970be,sequence.insert.v1,0,false,COMPLETE,
156,f41fd197ea2226826e323b8d43dd0efa21396c12e89fbc2295f8450d0bd2769e,a3b18a9ddd813a0145bdc49258120d8a027cd126db0c40651caf52f5e7b970be,sequence.swap-adjacent.v1,0,false,COMPLETE,
157,9105a932ed1acf58cd1b00aaa218bd4e33e1dec2f5451884e6ce8f186fedea58,9298477b1f9d8d26673f7d1781c89f81dded6b59369b3e5c2ea65d453c394149,sequence.insert.v1,1,true,COMPLETE,
158,3b419b05d15b2a4a3d797dfbb587e9fabf84c187e419673b8df261dc233ef6da,9105a932ed1acf58cd1b00aaa218bd4e33e1dec2f5451884e6ce8f186fedea58,buffer.block.v1,0,false,COMPLETE,
159,e28035cf8a30d74a796c8cae771c5fa7b9d42fbd836d22b3211d07d9341b3cec,9105a932ed1acf58cd1b00aaa218bd4e33e1dec2f5451884e6ce8f186fedea58,buffer.block.v1,0,false,COMPLETE,
160,eb626bcbe0fced9d64ccb483c1bbb407e1751fae39a208b267e762964682120c,9105a932ed1acf58cd1b00aaa218bd4e33e1dec2f5451884e6ce8f186fedea58,sequence.swap-adjacent.v1,0,false,COMPLETE,
161,a5dcd6c7381e8318cfa23d979bedd20d04f0faa7514d1f23bc64870b00e77222,9105a932ed1acf58cd1b00aaa218bd4e33e1dec2f5451884e6ce8f186fedea58,sequence.insert.v1,0,false,COMPLETE,
162,5dd18f448b882cd5669581f1099becd6dd274531e4b737ab92c7c7140e16e329,64d52cad42a2686a24d034e0eb85dc11628c115cb13866f9aae3863829baa4f1,scalar.boundary.v1,3,true,COMPLETE,
163,d22c321f5e27b137a7956a9841f5efe19d68ae3822750f3722ab6f8be2985493,5dd18f448b882cd5669581f1099becd6dd274531e4b737ab92c7c7140e16e329,scalar.boundary.v1,0,false,COMPLETE,
164,57a5086dfad8105eb34c5dac0633ceb30f5556854ac381423c1f0f6f654677b1,5dd18f448b882cd5669581f1099becd6dd274531e4b737ab92c7c7140e16e329,buffer.block.v1,0,false,COMPLETE,
165,3d58454f4d12c9f1eaaa03d560001229c451e697c9bd9035c546e51ad7437cf6,5dd18f448b882cd5669581f1099becd6dd274531e4b737ab92c7c7140e16e329,buffer.block.v1,0,false,COMPLETE,
166,3d11324f0aacb70c3c6c14ddb36912f08819d6296ce1ce5fb5787ee860e5b2a1,5dd18f448b882cd5669581f1099becd6dd274531e4b737ab92c7c7140e16e329,sequence.swap-adjacent.v1,0,false,COMPLETE,
167,9f529e9d0d5016942d420733e77c7748848d7895d17132bc3bb73f9be85c1500,5dd18f448b882cd5669581f1099becd6dd274531e4b737ab92c7c7140e16e329,sequence.swap-adjacent.v1,0,false,COMPLETE,
168,b25f081d3185d237ef6c2e291c970627848d4fd9f3b31cbf0a94e90af15ace03,5dd18f448b882cd5669581f1099becd6dd274531e4b737ab92c7c7140e16e329,buffer.block.v1,0,false,COMPLETE,
169,573fd32da6f9b7061aaab4b387ca6002b9030ff38871dc49a58b6557830cf091,5dd18f448b882cd5669581f1099becd6dd274531e4b737ab92c7c7140e16e329,sequence.delete.v1,0,false,COMPLETE,
170,411168367784bff0e42812a40fe171057ea985ea51c0983fb4fb6f2b004e7b7e,5dd18f448b882cd5669581f1099becd6dd274531e4b737ab92c7c7140e16e329,scalar.boundary.v1,3,true,COMPLETE,
171,22383d509fa8969852209152a9bd33fd8189a8499b7ee54ea8d61d46ebd2fb28,411168367784bff0e42812a40fe171057ea985ea51c0983fb4fb6f2b004e7b7e,scalar.boundary.v1,0,false,COMPLETE,
172,809af8a78d6d7ac021a4afb1a619165f0e0febea3e12e423f1cf574dd3249792,411168367784bff0e42812a40fe171057ea985ea51c0983fb4fb6f2b004e7b7e,sequence.delete.v1,0,false,COMPLETE,
173,6f12458a7e796d2f1865b2001ffadc53b9c42077a27e7213924caf44f4960325,411168367784bff0e42812a40fe171057ea985ea51c0983fb4fb6f2b004e7b7e,sequence.delete.v1,0,false,COMPLETE,
174,7cd025034ab7ffff1aed0d97c50d7675f3dbcdc409caa42fcee591bcb9f10d21,411168367784bff0e42812a40fe171057ea985ea51c0983fb4fb6f2b004e7b7e,scalar.boundary.v1,4,true,COMPLETE,
175,98d91fc6927492885a8c5dc14f7be6a93934037c399321bb5243ef2243c51a43,7cd025034ab7ffff1aed0d97c50d7675f3dbcdc409caa42fcee591bcb9f10d21,scalar.boundary.v1,1,true,SYNTHETIC_FAILURE,c16b0923faeafce6e8196416e81c29d76ea01fa379e562fa7c785b373f6cf1db
176,8d504eabbd2d0b8a286390af02ef63a348f33179c629bacfcbb0fb83cf97450f,98d91fc6927492885a8c5dc14f7be6a93934037c399321bb5243ef2243c51a43,sequence.swap-adjacent.v1,1,true,COMPLETE,
177,414ae9f2071cb87299c814054170889445357630a05bb7c6bcd3517891053543,98d91fc6927492885a8c5dc14f7be6a93934037c399321bb5243ef2243c51a43,sequence.delete.v1,0,false,COMPLETE,
178,add3447040a5965e135a872af25e75db8c181ba9fade8c89973c1a35550f7868,7cd025034ab7ffff1aed0d97c50d7675f3dbcdc409caa42fcee591bcb9f10d21,scalar.boundary.v1,3,true,COMPLETE,
179,2e93cde99ccfe1dceb344ab688c60e3f674322f971b36d0ff77da6a58001a231,add3447040a5965e135a872af25e75db8c181ba9fade8c89973c1a35550f7868,sequence.swap-adjacent.v1,0,false,COMPLETE,
180,e8cc0661b1563ff67fd3ee5f344a26547f24ffb4d0163f4e750abe0d5ae131ad,98d91fc6927492885a8c5dc14f7be6a93934037c399321bb5243ef2243c51a43,sequence.swap-adjacent.v1,0,false,COMPLETE,
181,5662fa944e0b49d81f5035ff52ddf3967f540be858db93011e34f47682d101f1,add3447040a5965e135a872af25e75db8c181ba9fade8c89973c1a35550f7868,scalar.boundary.v1,0,false,COMPLETE,
182,a204849f3d2f33d3e46fffb3247af5baefee8e99f800f32ea00564113947bfc8,8d504eabbd2d0b8a286390af02ef63a348f33179c629bacfcbb0fb83cf97450f,scalar.boundary.v1,2,true,COMPLETE,
183,c618ac6e308f06d95d5cf5583708aa8f9e1341edf7c4b70ae15b7400faec4f7d,a204849f3d2f33d3e46fffb3247af5baefee8e99f800f32ea00564113947bfc8,buffer.block.v1,0,false,COMPLETE,
184,c96a662fa058bbe03ce8c44019426b1d04060656ba0ac881b49acd422b809e52,7cd025034ab7ffff1aed0d97c50d7675f3dbcdc409caa42fcee591bcb9f10d21,sequence.delete.v1,0,false,COMPLETE,
185,ebbfcb023fafd4dac70bb0da20b2c71e48df9ce52c484a9cf97a396a5621e276,98d91fc6927492885a8c5dc14f7be6a93934037c399321bb5243ef2243c51a43,scalar.boundary.v1,0,false,COMPLETE,
186,ca6474a92c08e9f2ba5ea151f269538b46c7c9b2f11af285d7cee378bb4a7f0e,a204849f3d2f33d3e46fffb3247af5baefee8e99f800f32ea00564113947bfc8,sequence.delete.v1,0,false,COMPLETE,
187,57d1cf06d41dba6b2b09925f2fcc790faaf852cae06205f31017d314e9bf9abc,add3447040a5965e135a872af25e75db8c181ba9fade8c89973c1a35550f7868,buffer.block.v1,0,false,COMPLETE,
188,3d7e5efbd25c8618f02621260cdf4527a9d6ce04540253f36855a63d162d3b30,7cd025034ab7ffff1aed0d97c50d7675f3dbcdc409caa42fcee591bcb9f10d21,sequence.swap-adjacent.v1,0,false,COMPLETE,
189,d72a4b6fbda2551c09353da17c0867b05a2feb278f43b4ae664c18141824cdb8,98d91fc6927492885a8c5dc14f7be6a93934037c399321bb5243ef2243c51a43,scalar.boundary.v1,0,false,COMPLETE,
190,ced57c2ec9386a978e0b7543979ed73b563c808df1cbf2eddc8cfd0c71a6ef18,7cd025034ab7ffff1aed0d97c50d7675f3dbcdc409caa42fcee591bcb9f10d21,sequence.delete.v1,0,false,COMPLETE,
191,9409a04fd6b1fdb07047b1062562e12fec687d7c5a94c0b5a54225ddf7f42dfc,add3447040a5965e135a872af25e75db8c181ba9fade8c89973c1a35550f7868,sequence.swap-adjacent.v1,0,false,COMPLETE,
192,ee987db2b3aaa861e35298d3f27c7980b7715cc8e46cde6e49fade2afe62cedd,a204849f3d2f33d3e46fffb3247af5baefee8e99f800f32ea00564113947bfc8,sequence.delete.v1,0,false,COMPLETE,
193,4d7c3eeff012d898f5d15315ff3e742635ef49f37a877888579f4424d8894b98,98d91fc6927492885a8c5dc14f7be6a93934037c399321bb5243ef2243c51a43,sequence.delete.v1,0,false,COMPLETE,
194,ae00f6430775b44ce18cdcc3fa7696523d2bed9718ca3b5f2050bb59f0bfb8c9,8d504eabbd2d0b8a286390af02ef63a348f33179c629bacfcbb0fb83cf97450f,scalar.boundary.v1,0,false,COMPLETE,
195,992a311bd717b360343daf71ea85847989c0da301e4e8d4ae029bf9aefce53f2,411168367784bff0e42812a40fe171057ea985ea51c0983fb4fb6f2b004e7b7e,buffer.block.v1,0,false,COMPLETE,
196,f94e1ccfd01031cd15acbcf1ce5291c18c7a07bc3b7d05a258f0ca2b364c33bd,add3447040a5965e135a872af25e75db8c181ba9fade8c89973c1a35550f7868,scalar.boundary.v1,0,false,COMPLETE,
197,70f8ee44e626ec6a8b8cc346b3d4c6fc411726acceee8ce2f1ba0be6f22be947,98d91fc6927492885a8c5dc14f7be6a93934037c399321bb5243ef2243c51a43,sequence.insert.v1,1,true,SYNTHETIC_FAILURE,c16b0923faeafce6e8196416e81c29d76ea01fa379e562fa7c785b373f6cf1db
198,828be23846773b04a078e8419ffda484155e4e2ccf259a69e126018892f8430d,70f8ee44e626ec6a8b8cc346b3d4c6fc411726acceee8ce2f1ba0be6f22be947,scalar.boundary.v1,1,true,COMPLETE,
199,77e0abde689257976403c3fad34de0ce6df2bf8fe50b67de467442b469114e0e,70f8ee44e626ec6a8b8cc346b3d4c6fc411726acceee8ce2f1ba0be6f22be947,sequence.delete.v1,0,false,COMPLETE,
200,c3b82d9b9ca3945ae5f1841daf6ceabd1c35741ed4c43f50df253607c63ea68a,70f8ee44e626ec6a8b8cc346b3d4c6fc411726acceee8ce2f1ba0be6f22be947,buffer.block.v1,0,true,SYNTHETIC_FAILURE,c16b0923faeafce6e8196416e81c29d76ea01fa379e562fa7c785b373f6cf1db
201,0a8693ec58d637b57841b20fd4c83ca14f6474d5f608b81fcf6bd7c0efe624cb,c3b82d9b9ca3945ae5f1841daf6ceabd1c35741ed4c43f50df253607c63ea68a,scalar.boundary.v1,0,false,COMPLETE,
202,32cd74ff580cb175be8ca31394118f9f92db6df6fc16108650f26f4dbc45c01d,c3b82d9b9ca3945ae5f1841daf6ceabd1c35741ed4c43f50df253607c63ea68a,sequence.insert.v1,1,true,COMPLETE,
203,bb2f7e802eda1da96bbceada49e797e214e7e7c7fa17ca049131e0ebe36255e7,32cd74ff580cb175be8ca31394118f9f92db6df6fc16108650f26f4dbc45c01d,sequence.swap-adjacent.v1,0,false,COMPLETE,
204,b5635ad055fffbc6524b799dee1652840d8f1f654723f20822ce9f31139b2fcc,828be23846773b04a078e8419ffda484155e4e2ccf259a69e126018892f8430d,buffer.block.v1,0,false,COMPLETE,
205,fe728b71ce228f7f7e337bca3f7cc80e2dcc4af4a544148625d2110738abb930,c3b82d9b9ca3945ae5f1841daf6ceabd1c35741ed4c43f50df253607c63ea68a,sequence.insert.v1,0,true,SYNTHETIC_FAILURE,c16b0923faeafce6e8196416e81c29d76ea01fa379e562fa7c785b373f6cf1db
206,965a439845fe293cfe31e2525991cc00591af927b915163440fe97fe741b2d57,fe728b71ce228f7f7e337bca3f7cc80e2dcc4af4a544148625d2110738abb930,sequence.insert.v1,0,true,SYNTHETIC_FAILURE,c16b0923faeafce6e8196416e81c29d76ea01fa379e562fa7c785b373f6cf1db
207,8f795fe79d66f90585d2ab5edc07059681ecedc5ec05578e64dda5c95a1cc344,965a439845fe293cfe31e2525991cc00591af927b915163440fe97fe741b2d57,sequence.insert.v1,0,true,SYNTHETIC_FAILURE,c16b0923faeafce6e8196416e81c29d76ea01fa379e562fa7c785b373f6cf1db
208,da6e7200e1b7ac694f0228a260500771eb4f361517af7fe43d52bbbf05079f50,8f795fe79d66f90585d2ab5edc07059681ecedc5ec05578e64dda5c95a1cc344,sequence.insert.v1,0,true,SYNTHETIC_FAILURE,c16b0923faeafce6e8196416e81c29d76ea01fa379e562fa7c785b373f6cf1db
209,01f0ffd6ad6bf00c1d04215cd7eaa066a5480742a89cd8bcac445d46b30219fa,da6e7200e1b7ac694f0228a260500771eb4f361517af7fe43d52bbbf05079f50,sequence.swap-adjacent.v1,1,true,COMPLETE,
210,ff05d953c2b1dade7ba30579f148d3b78d09a0eb68c512a444524b7489d056a9,fe728b71ce228f7f7e337bca3f7cc80e2dcc4af4a544148625d2110738abb930,sequence.delete.v1,0,true,SYNTHETIC_FAILURE,c16b0923faeafce6e8196416e81c29d76ea01fa379e562fa7c785b373f6cf1db
211,8f56035738fec1dcc495c3acd10c8121c72653239def377c44af02bbc1951e46,ff05d953c2b1dade7ba30579f148d3b78d09a0eb68c512a444524b7489d056a9,scalar.boundary.v1,3,true,COMPLETE,
212,4547fb7facdce5883002cf17ad9af3f466ef8e104c1d6ff4ac7c44bf26368fd6,8f56035738fec1dcc495c3acd10c8121c72653239def377c44af02bbc1951e46,sequence.delete.v1,0,false,COMPLETE,
213,f28fcd940719427ea0c21c6c8cc5114437ebce9ce66f3cc482cd0cbb9f3bcb5a,965a439845fe293cfe31e2525991cc00591af927b915163440fe97fe741b2d57,sequence.insert.v1,0,true,SYNTHETIC_FAILURE,c16b0923faeafce6e8196416e81c29d76ea01fa379e562fa7c785b373f6cf1db
214,774e59eaabe25a4f72d0e860d92621337249781cb09418897bb20fd8762136f2,f28fcd940719427ea0c21c6c8cc5114437ebce9ce66f3cc482cd0cbb9f3bcb5a,sequence.swap-adjacent.v1,0,true,SYNTHETIC_FAILURE,c16b0923faeafce6e8196416e81c29d76ea01fa379e562fa7c785b373f6cf1db
215,44c5f80cf70b1b70dcce1c2a1ae547ff36427f1ac869c8807d13d7f1958ae22f,774e59eaabe25a4f72d0e860d92621337249781cb09418897bb20fd8762136f2,buffer.block.v1,0,true,SYNTHETIC_FAILURE,c16b0923faeafce6e8196416e81c29d76ea01fa379e562fa7c785b373f6cf1db
216,98990442242b39ddc2338ca59a3852a1a2e647d9426eb91bb1751e1455e017fe,44c5f80cf70b1b70dcce1c2a1ae547ff36427f1ac869c8807d13d7f1958ae22f,sequence.delete.v1,0,true,SYNTHETIC_FAILURE,c16b0923faeafce6e8196416e81c29d76ea01fa379e562fa7c785b373f6cf1db
217,dc77dd78c23cb65cc7718aa7bf0c270e68a3a02b416bf9f596831a79187d405e,98990442242b39ddc2338ca59a3852a1a2e647d9426eb91bb1751e1455e017fe,sequence.delete.v1,0,true,SYNTHETIC_FAILURE,c16b0923faeafce6e8196416e81c29d76ea01fa379e562fa7c785b373f6cf1db
218,232da68d984bf2e16593698800dd848a762dec5fefa19c10ad90af0b649fb954,dc77dd78c23cb65cc7718aa7bf0c270e68a3a02b416bf9f596831a79187d405e,buffer.block.v1,0,true,SYNTHETIC_FAILURE,c16b0923faeafce6e8196416e81c29d76ea01fa379e562fa7c785b373f6cf1db
219,56d301495a7001d61b0e7ddd48ddb9780e500239d462af5c2853ee16a4401355,232da68d984bf2e16593698800dd848a762dec5fefa19c10ad90af0b649fb954,scalar.boundary.v1,0,false,COMPLETE,
220,d38012567abe2fed5e9b306944d807608c1257b43cd425f0b37f9e2c61a2e541,8f795fe79d66f90585d2ab5edc07059681ecedc5ec05578e64dda5c95a1cc344,scalar.boundary.v1,0,true,SYNTHETIC_FAILURE,c16b0923faeafce6e8196416e81c29d76ea01fa379e562fa7c785b373f6cf1db
221,7f2d9ccc9eb6613a2e1067c35814781b41c16fb238629eaa5b30cfae3ad7f6a8,d38012567abe2fed5e9b306944d807608c1257b43cd425f0b37f9e2c61a2e541,sequence.swap-adjacent.v1,1,true,SYNTHETIC_FAILURE,c16b0923faeafce6e8196416e81c29d76ea01fa379e562fa7c785b373f6cf1db
222,b7a06bd532bdc6b9dfe05b186716d9c75b234e8473a9488d5577115f294052a8,7f2d9ccc9eb6613a2e1067c35814781b41c16fb238629eaa5b30cfae3ad7f6a8,sequence.delete.v1,0,true,SYNTHETIC_FAILURE,c16b0923faeafce6e8196416e81c29d76ea01fa379e562fa7c785b373f6cf1db
223,514b1f2d6caa1027ba617021017d33d837e749039270798cff7149b8894bf78c,b7a06bd532bdc6b9dfe05b186716d9c75b234e8473a9488d5577115f294052a8,sequence.delete.v1,0,false,COMPLETE,
224,b883ac5ac2aaa413225b9af701c519040475a07eb37c25913a6be4c790aa789d,7f2d9ccc9eb6613a2e1067c35814781b41c16fb238629eaa5b30cfae3ad7f6a8,sequence.swap-adjacent.v1,0,true,SYNTHETIC_FAILURE,c16b0923faeafce6e8196416e81c29d76ea01fa379e562fa7c785b373f6cf1db
225,448812501337fa15deac2fd53228f7e9b078f42c340742ed46d73736518a923f,b883ac5ac2aaa413225b9af701c519040475a07eb37c25913a6be4c790aa789d,buffer.block.v1,0,true,SYNTHETIC_FAILURE,c16b0923faeafce6e8196416e81c29d76ea01fa379e562fa7c785b373f6cf1db
226,c8ff50382706290312db2f0f9a73a48cf20612ce0c3dea79e9f046dd0210ad70,448812501337fa15deac2fd53228f7e9b078f42c340742ed46d73736518a923f,sequence.insert.v1,0,true,SYNTHETIC_FAILURE,c16b0923faeafce6e8196416e81c29d76ea01fa379e562fa7c785b373f6cf1db
227,de7d0e099389bfa6284131af0ce35f4a8cd1c893f8ea2cdf00e4301ffc1bf4d2,c8ff50382706290312db2f0f9a73a48cf20612ce0c3dea79e9f046dd0210ad70,scalar.boundary.v1,1,true,SYNTHETIC_FAILURE,c16b0923faeafce6e8196416e81c29d76ea01fa379e562fa7c785b373f6cf1db
228,f9bf276f6ba0a6bde85bb805551f9360aa5c033176d5fef2d3920c3a45e52cd9,de7d0e099389bfa6284131af0ce35f4a8cd1c893f8ea2cdf00e4301ffc1bf4d2,buffer.block.v1,0,true,SYNTHETIC_FAILURE,c16b0923faeafce6e8196416e81c29d76ea01fa379e562fa7c785b373f6cf1db
229,4082a870b46b4b1591780fc54f329ddfdd9317d444354a77f366d2db4003c251,f9bf276f6ba0a6bde85bb805551f9360aa5c033176d5fef2d3920c3a45e52cd9,buffer.block.v1,0,true,SYNTHETIC_FAILURE,c16b0923faeafce6e8196416e81c29d76ea01fa379e562fa7c785b373f6cf1db
230,df0e030a93cb0a273af1a63afe6f9c711c938ee3f8ae18eea96d5674f4af61b3,4082a870b46b4b1591780fc54f329ddfdd9317d444354a77f366d2db4003c251,sequence.delete.v1,0,true,SYNTHETIC_FAILURE,c16b0923faeafce6e8196416e81c29d76ea01fa379e562fa7c785b373f6cf1db
231,776094e3ec061a717a8541abeed955bd42adcd8c03bdcc6c0dd7d41f26893993,df0e030a93cb0a273af1a63afe6f9c711c938ee3f8ae18eea96d5674f4af61b3,sequence.insert.v1,0,true,SYNTHETIC_FAILURE,c16b0923faeafce6e8196416e81c29d76ea01fa379e562fa7c785b373f6cf1db
232,dc57abfc1ab289a0101937847237e1d24539d345759e2cbc1aae3f0bebd1f66f,776094e3ec061a717a8541abeed955bd42adcd8c03bdcc6c0dd7d41f26893993,sequence.delete.v1,0,true,SYNTHETIC_FAILURE,c16b0923faeafce6e8196416e81c29d76ea01fa379e562fa7c785b373f6cf1db
233,9af9ce454f9ecf7992940749ee69f2d20ba5ceeaafbc1f677baffda8c30776f4,dc57abfc1ab289a0101937847237e1d24539d345759e2cbc1aae3f0bebd1f66f,scalar.boundary.v1,0,true,SYNTHETIC_FAILURE,c16b0923faeafce6e8196416e81c29d76ea01fa379e562fa7c785b373f6cf1db
234,14bc0eb4fe80c4a08d708b49f9f9a5d2b3ae93add7af2e3e436e63369bc1557e,9af9ce454f9ecf7992940749ee69f2d20ba5ceeaafbc1f677baffda8c30776f4,scalar.boundary.v1,0,true,SYNTHETIC_FAILURE,c16b0923faeafce6e8196416e81c29d76ea01fa379e562fa7c785b373f6cf1db
235,d5cf76b919a42c43b0f3098dc58467b42724bda7f22e6202330dd296a8bc633c,14bc0eb4fe80c4a08d708b49f9f9a5d2b3ae93add7af2e3e436e63369bc1557e,sequence.insert.v1,0,true,SYNTHETIC_FAILURE,c16b0923faeafce6e8196416e81c29d76ea01fa379e562fa7c785b373f6cf1db
236,2d894510b1c6120706e67590641fbd2b7efc96afc85eab7099928a5f1044754a,d5cf76b919a42c43b0f3098dc58467b42724bda7f22e6202330dd296a8bc633c,sequence.swap-adjacent.v1,0,true,SYNTHETIC_FAILURE,c16b0923faeafce6e8196416e81c29d76ea01fa379e562fa7c785b373f6cf1db
237,d99e637e8748fb08a20289be4c3b48fde64e287923dcb86ddc87de439de1bc80,2d894510b1c6120706e67590641fbd2b7efc96afc85eab7099928a5f1044754a,sequence.insert.v1,0,true,SYNTHETIC_FAILURE,c16b0923faeafce6e8196416e81c29d76ea01fa379e562fa7c785b373f6cf1db
238,362858eb9d26cece93e5ee64449730363db6fe3951c29456ab6b1b59762aa2dd,d99e637e8748fb08a20289be4c3b48fde64e287923dcb86ddc87de439de1bc80,sequence.swap-adjacent.v1,0,true,SYNTHETIC_FAILURE,c16b0923faeafce6e8196416e81c29d76ea01fa379e562fa7c785b373f6cf1db
239,33ebf1be7236a7b336d565d3788fb8134d7f77392117211a1fad5d8a55ea2b71,362858eb9d26cece93e5ee64449730363db6fe3951c29456ab6b1b59762aa2dd,buffer.block.v1,0,true,SYNTHETIC_FAILURE,c16b0923faeafce6e8196416e81c29d76ea01fa379e562fa7c785b373f6cf1db
240,2f4b891e348933061a4e2e1fdf5cefbbbb215016b88ecb42468fd9450feb6223,33ebf1be7236a7b336d565d3788fb8134d7f77392117211a1fad5d8a55ea2b71,scalar.boundary.v1,4,true,COMPLETE,
241,b6ac09c1939cc63dfdfd8cdc46a431bb33baa8c698f949204889ac826ab0557f,2f4b891e348933061a4e2e1fdf5cefbbbb215016b88ecb42468fd9450feb6223,sequence.delete.v1,0,false,COMPLETE,
242,9b495536c445cb8451720016ddb5a6d628d3893b3a5a34ef1f17fa690f52921b,de7d0e099389bfa6284131af0ce35f4a8cd1c893f8ea2cdf00e4301ffc1bf4d2,sequence.insert.v1,0,true,SYNTHETIC_FAILURE,c16b0923faeafce6e8196416e81c29d76ea01fa379e562fa7c785b373f6cf1db
243,c677d06cd11bffaac6b4db309d0aa73edaaee8c480c879f40365c7ed5a39110e,9b495536c445cb8451720016ddb5a6d628d3893b3a5a34ef1f17fa690f52921b,buffer.block.v1,0,true,SYNTHETIC_FAILURE,c16b0923faeafce6e8196416e81c29d76ea01fa379e562fa7c785b373f6cf1db
244,4ec2f9d308143e7a03820704f81edb168fd3d75d3982aca46e01fc75ddf212e5,c677d06cd11bffaac6b4db309d0aa73edaaee8c480c879f40365c7ed5a39110e,buffer.block.v1,0,true,SYNTHETIC_FAILURE,c16b0923faeafce6e8196416e81c29d76ea01fa379e562fa7c785b373f6cf1db
245,0a36fe7ba0772514096ebc64cfb391d0794f57cda150b0006ceb10e4f36ca733,4ec2f9d308143e7a03820704f81edb168fd3d75d3982aca46e01fc75ddf212e5,sequence.insert.v1,1,true,SYNTHETIC_FAILURE,c16b0923faeafce6e8196416e81c29d76ea01fa379e562fa7c785b373f6cf1db
246,83fa230f5b60db1dda040e0bab54e785213c4484a41dcbc6b9ab26754eb5a75f,0a36fe7ba0772514096ebc64cfb391d0794f57cda150b0006ceb10e4f36ca733,sequence.swap-adjacent.v1,0,true,SYNTHETIC_FAILURE,c16b0923faeafce6e8196416e81c29d76ea01fa379e562fa7c785b373f6cf1db
247,abef760b6c014420317fe48238a898064b4c3f248ebad45681f6880083f25354,83fa230f5b60db1dda040e0bab54e785213c4484a41dcbc6b9ab26754eb5a75f,sequence.swap-adjacent.v1,0,true,SYNTHETIC_FAILURE,c16b0923faeafce6e8196416e81c29d76ea01fa379e562fa7c785b373f6cf1db
248,1415a4532643178baaedd8c724cf639589db7b6475994cb2737279d4bb73cff9,abef760b6c014420317fe48238a898064b4c3f248ebad45681f6880083f25354,buffer.block.v1,0,true,SYNTHETIC_FAILURE,c16b0923faeafce6e8196416e81c29d76ea01fa379e562fa7c785b373f6cf1db
249,5a0dc13f5ec6d2271e18ecdefe9a0b8205ac50d646422570f77ab3c8e0418052,1415a4532643178baaedd8c724cf639589db7b6475994cb2737279d4bb73cff9,scalar.boundary.v1,0,true,SYNTHETIC_FAILURE,c16b0923faeafce6e8196416e81c29d76ea01fa379e562fa7c785b373f6cf1db
250,08b8bc5425767eaa95c78dcf766b283504c129db731fbb929521247343ba95bf,5a0dc13f5ec6d2271e18ecdefe9a0b8205ac50d646422570f77ab3c8e0418052,scalar.boundary.v1,0,true,SYNTHETIC_FAILURE,c16b0923faeafce6e8196416e81c29d76ea01fa379e562fa7c785b373f6cf1db
251,cf4479c193251daf598ce2d7fbe310c044441a113cbfc61f87186a7e2aa1e2c7,08b8bc5425767eaa95c78dcf766b283504c129db731fbb929521247343ba95bf,sequence.insert.v1,0,true,SYNTHETIC_FAILURE,c16b0923faeafce6e8196416e81c29d76ea01fa379e562fa7c785b373f6cf1db
252,114376261ff7159673b385629a9570ceae4eab9a1159a6efd5be1768e8cc3dd5,cf4479c193251daf598ce2d7fbe310c044441a113cbfc61f87186a7e2aa1e2c7,sequence.insert.v1,0,true,SYNTHETIC_FAILURE,c16b0923faeafce6e8196416e81c29d76ea01fa379e562fa7c785b373f6cf1db
253,3b10a59d54de4fdcd8ee7bed532c8dd6fc7e47b80e1dcc90d9331eecba7e04a7,114376261ff7159673b385629a9570ceae4eab9a1159a6efd5be1768e8cc3dd5,sequence.insert.v1,0,true,SYNTHETIC_FAILURE,c16b0923faeafce6e8196416e81c29d76ea01fa379e562fa7c785b373f6cf1db
254,a9f6eea2728eb50fa5eca8ebb69cc4874080a913f14de607c2e01934e29ddabd,3b10a59d54de4fdcd8ee7bed532c8dd6fc7e47b80e1dcc90d9331eecba7e04a7,sequence.delete.v1,0,true,SYNTHETIC_FAILURE,c16b0923faeafce6e8196416e81c29d76ea01fa379e562fa7c785b373f6cf1db
255,c63e9d8d3cc9f6d31f253e5c99faa8ddfce49378f5b32d568c2ac6fe7fb8ea1f,a9f6eea2728eb50fa5eca8ebb69cc4874080a913f14de607c2e01934e29ddabd,buffer.block.v1,0,true,SYNTHETIC_FAILURE,c16b0923faeafce6e8196416e81c29d76ea01fa379e562fa7c785b373f6cf1db
256,9d8ea367c86177ea361acfb5b4751b8da181d6f4bdc1d98fc78558ad4b52a7e7,c63e9d8d3cc9f6d31f253e5c99faa8ddfce49378f5b32d568c2ac6fe7fb8ea1f,sequence.insert.v1,0,true,SYNTHETIC_FAILURE,c16b0923faeafce6e8196416e81c29d76ea01fa379e562fa7c785b373f6cf1db
